Course,1,2,3,4,5,6,7,8,9,10,11,12,13,14,15,16,17,18,19,20
SET, , , , , , , , , , , , , , , ,x, , , , 
AA,x, , , , , , , , , , , , , , , , , , , 
ACir, , , , , , , , , , , , ,x, , , , , , , 
ACp, , , , , , , , , , , , , , , , ,x, , , 
AED, , , , , , , , , , ,x, , , , , , , , , 
AIEC, , , , , ,x, , , , , , , , , , , , , , 
ALGA, ,x, , , , , , , , , , , , , , , , , , 
AM1, , , , , , , , , , , ,x, , , , , , , , 
AM2, , , , , , , , , , , , , , , , , , , ,x
Ant, ,x, , , , , , , , , , , , , , , , , , 
ASI,x, , , , , , , , , , , , , , , , , , , 
AVE, , , , , , , , , , , , , , , , , , , ,x
BD, , , , , , , , , ,x, , , , , , , , , , 
CAC, , , , , , , , , , , , ,x, , , , , , , 
CCD, , , , , , , , , , , , , , , ,x, , , , 
CG, , , , , , , , , , , , , , , , , ,x, , 
CGAV, ,x, , , , , , , , , , , , , , , , , , 
CMov, , , , , ,x, , , , , , , , , , , , , , 
Com, , , , , , , , , , , , , , , , , , ,x, 
Cpl, , , ,x, , , , , , , , , , , , , , , , 
CSDin, , , , , , , , , ,x, , , , , , , , , , 
CSDist,x, , , , , , , , , , , , , , , , , , , 
CSI, , ,x, , , , , , , , , , , , , , , , , 
CSM, , , , , , , ,x, , , , , , , , , , , , 
CSO, , , , ,x, , , , , , , , , , , , , , , 
E1, , , , , , , , , , , , , , , , , ,x, , 
E2, , , , , , , , , , , , , ,x, , , , , , 
EA, , , , ,x, , , , , , , , , , , , , , , 
EGP, , , ,x, , , , , , , , , , , , , , , , 
Elctr, , , , , , ,x, , , , , , , , , , , , , 
ES, ,x, , , , , , , , , , , , , , , , , , 
F1, , , , , , , , , , , , , , ,x, , , , , 
F2, , , , , , , , , , , , , , , , , ,x, , 
FAE, , ,x, , , , , , , , , , , , , , , , , 
FT, , , , , , , , , , , , , , , , , ,x, , 
GSI, , , , , , , , , , , , , ,x, , , , , , 
IRS, , , , , , ,x, , , , , , , , , , , , , 
IS, , , , , , , ,x, , , , , , , , , , , , 
ITI,x, , , , , , , , , , , , , , , , , , , 
LC, , , , , , , , , , , , , ,x, , , , , , 
LSD, , , , , ,x, , , , , , , , , , , , , , 
M1, , , , , , , , , ,x, , , , , , , , , , 
M2, , , , , , , , , , , , , , ,x, , , , , 
MAT, , , , , , , , ,x, , , , , , , , , , , 
MNO, , ,x, , , , , , , , , , , , , , , , , 
MSr,x, , , , , , , , , , , , , , , , , , , 
OE, , , , , , , , , , , , , , , , ,x, , , 
OGE, ,x, , , , , , , , , , , , , , , , , , 
PC, , ,x, , , , , , , , , , , , , , , , , 
PCI,x, , , , , , , , , , , , , , , , , , , 
PDSr, , , , ,x, , , , , , , , , , , , , , , 
PE, , , , , , , , , , , , , , , ,x, , , , 
PF, , , , , , , , , , , , , ,x, , , , , , 
Pg, , , ,x, , , , , , , , , , , , , , , , 
PI, , , , , ,x, , , , , , , , , , , , , , 
PICC/CPg, , , , , , , , , , , , , , , , , , ,x, 
PIV, , , , , ,x, , , , , , , , , , , , , , 
POO, , , , , , , ,x, , , , , , , , , , , , 
PR, ,x, , , , , , , , , , , , , , , , , , 
PSC, , , , , , , , , , , , ,x, , , , , , , 
RCom, , , , , , , , , , , , , ,x, , , , , , 
RCp, , , , , , ,x, , , , , , , , , , , , , 
RDC, , , ,x, , , , , , , , , , , , , , , , 
RI, , , , , , , , , , , , , , ,x, , , , , 
RSCM, , , , , , , , , , ,x, , , , , , , , , 
SCDig, , , , , , , , ,x, , , , , , , , , , , 
SCDist, , , , , , ,x, , , , , , , , , , , , , 
SCO, , , , , , , , , , , ,x, , , , , , , , 
SD, , , , , , , ,x, , , , , , , , , , , , 
SE1, , , , , , , , , ,x, , , , , , , , , , 
SEAD1,x, , , , , , , , , , , , , , , , , , , 
SG, , , , , , , , , , , ,x, , , , , , , , 
SI, , , , , , , , , , , , , , , , ,x, , , 
SI1, , , , ,x, , , , , , , , , , , , , , , 
SI2, , , , , , , , ,x, , , , , , , , , , , 
SOi,x, , , , , , , , , , , , , , , , , , , 
SOt, , , , , , , , , , ,x, , , , , , , , , 
SS, , ,x, , , , , , , , , , , , , , , , , 
ST, , , , , , , , , , , , ,x, , , , , , , 
STBL, , , , ,x, , , , , , , , , , , , , , , 
